{
  "model": "resnet50",
  "loss": 0.48821045020421344,
  "top1": 0.8882666666666666,
  "top5": 0.9782666666666666,
  "avg_infer_time": 0.12537295869056214
}